city_id,mntd_max_possible_value_with_no_introduced_normalised,mntd_min_possible_value_with_no_introduced_normalised,mntd_actual_value_normalised,mntd_max_possible_value_with_no_introduced,mntd_min_possible_value_with_no_introduced,mntd_actual_value,mtd_max_possible_value_with_no_introduced_normalised,mtd_min_possible_value_with_no_introduced_normalised,mtd_actual_value_normalised,mtd_max_possible_value_with_no_introduced,mtd_min_possible_value_with_no_introduced,mtd_actual_value,fd_max_possible_value_with_no_introduced_normalised,fd_min_possible_value_with_no_introduced_normalised,fd_actual_value_normalised,fd_max_possible_value_with_no_introduced,fd_min_possible_value_with_no_introduced,fd_actual_value,FRic_max_possible_value_with_no_introduced_normalised,FRic_min_possible_value_with_no_introduced_normalised,FRic_actual_value_normalised,FRic_max_possible_value_with_no_introduced,FRic_min_possible_value_with_no_introduced,FRic_actual_value,mass_fd_max_possible_value_with_no_introduced_normalised,mass_fd_min_possible_value_with_no_introduced_normalised,mass_fd_actual_value_normalised,mass_fd_max_possible_value_with_no_introduced,mass_fd_min_possible_value_with_no_introduced,mass_fd_actual_value,mass_var_max_possible_value_with_no_introduced_normalised,mass_var_min_possible_value_with_no_introduced_normalised,mass_var_actual_value_normalised,mass_var_max_possible_value_with_no_introduced,mass_var_min_possible_value_with_no_introduced,mass_var_actual_value,mass_sdndr_max_possible_value_with_no_introduced_normalised,mass_sdndr_min_possible_value_with_no_introduced_normalised,mass_sdndr_actual_value_normalised,mass_sdndr_max_possible_value_with_no_introduced,mass_sdndr_min_possible_value_with_no_introduced,mass_sdndr_actual_value,locomotory_trait_fd_max_possible_value_with_no_introduced_normalised,locomotory_trait_fd_min_possible_value_with_no_introduced_normalised,locomotory_trait_fd_actual_value_normalised,locomotory_trait_fd_max_possible_value_with_no_introduced,locomotory_trait_fd_min_possible_value_with_no_introduced,locomotory_trait_fd_actual_value,locomotory_trait_var_max_possible_value_with_no_introduced_normalised,locomotory_trait_var_min_possible_value_with_no_introduced_normalised,locomotory_trait_var_actual_value_normalised,locomotory_trait_var_max_possible_value_with_no_introduced,locomotory_trait_var_min_possible_value_with_no_introduced,locomotory_trait_var_actual_value,locomotory_trait_sdndr_max_possible_value_with_no_introduced_normalised,locomotory_trait_sdndr_min_possible_value_with_no_introduced_normalised,locomotory_trait_sdndr_actual_value_normalised,locomotory_trait_sdndr_max_possible_value_with_no_introduced,locomotory_trait_sdndr_min_possible_value_with_no_introduced,locomotory_trait_sdndr_actual_value,trophic_trait_fd_max_possible_value_with_no_introduced_normalised,trophic_trait_fd_min_possible_value_with_no_introduced_normalised,trophic_trait_fd_actual_value_normalised,trophic_trait_fd_max_possible_value_with_no_introduced,trophic_trait_fd_min_possible_value_with_no_introduced,trophic_trait_fd_actual_value,trophic_trait_var_max_possible_value_with_no_introduced_normalised,trophic_trait_var_min_possible_value_with_no_introduced_normalised,trophic_trait_var_actual_value_normalised,trophic_trait_var_max_possible_value_with_no_introduced,trophic_trait_var_min_possible_value_with_no_introduced,trophic_trait_var_actual_value,trophic_trait_sdndr_max_possible_value_with_no_introduced_normalised,trophic_trait_sdndr_min_possible_value_with_no_introduced_normalised,trophic_trait_sdndr_actual_value_normalised,trophic_trait_sdndr_max_possible_value_with_no_introduced,trophic_trait_sdndr_min_possible_value_with_no_introduced,trophic_trait_sdndr_actual_value
854,0.9999999999923964,0,0.9999999999746547,49.27942731275,19.68810260245,49.279427312225,1,0,0.9639072256951565,57.96736358228334,26.9412603095,56.847545439300006,1,0.1140709603355014,0.9604967906028281,302.58495955152216,164.36381646075958,296.42173595892086,0.8830797185448388,0,0.3884600748468198,7.968789414414418,0.04400168918918808,3.5300557432432456,1,0.11415597012418098,0.9604971387593673,302.5799789186508,164.35596168154763,296.4160900297619,0.9962786756224907,0.015256131713985587,0.7657994333994673,31785.07,551.1491666666667,24447.0425,0.9478096494700128,0,0.5238346830335947,0.5404313629128864,0.2375807516969421,0.40495998656920096,1,0,1,1.419885143428496,0.9435900678222335,1.419885143428496,1,0,0.42916093535075656,0.43929617117117126,0.013575450450450449,0.1962781531531532,0.9360856057233614,0,0.07925756049883452,0.45596878396804746,0.07687492354208797,0.10897247358851678,1,0,0.6235952912814052,1.2072175340741969,0.46595594278584374,0.9282031807210223,1,0,0.3496692512765902,0.38774070945945943,0.007043918918918915,0.14016188063063062,0.9260561358653271,0.038294860737028216,0.4753148869252281,0.5028752393424377,0.02972223707996781,0.26264221594465376
1182,1,0,0.4221951126591647,42.2041215791,11.560638512028572,24.4981672978,0.9830457146918999,0.04415562482029923,0.7132952318748071,56.874123398180956,43.74642993360953,53.10243415729524,0.49921731270173375,0,0.9497937328568089,326.4398710786581,200.4230638933039,440.1783180761355,0.47056182868062046,0,0.6829058604970626,16.4386846846847,0.8911745495495461,23.454597972972973,0.4992381667978279,0,0.9497954115398495,326.4267904791144,200.39852049223862,440.1659912479636,0.5483506164210915,0,0.7138602979441041,10900.269047619047,1527.2357142857145,13729.349047619047,0.8736669084152452,0,0.21943118227850056,0.26014397230860137,0.031282836798625674,0.08876386195688356,1,0,1,1.6590245911673684,1.0841927909978404,1.6590245911673684,1,0.09173387096774198,0.5920736679956505,0.32667631917631923,0.0686679536679537,0.21079794079794084,1,0.035424834651987834,0.0818042925568697,0.34016558035022176,0.08552348759055345,0.09776738795854295,1,0.10094320968912619,0.7494153830072517,1.3222692619074858,0.748387168502263,1.1623171586313186,0.9336725669737003,0.011496755057891949,0.3896243486305936,0.254424066924067,0.03634491634491635,0.12576576576576579,0.8480589914455962,0,0.3660729897105853,0.2241462600484778,0.040946085724788396,0.12002623958985788
1663,1,1,1,24.3713077029,24.3713077029,24.3713077029,1,1,1,28.236415021733333,28.236415021733333,28.236415021733333,1,1,0,338.09309352348475,338.09309352348475,336.48970131512425,NA,NA,NA,NA,NA,NA,1,1,0,338.0894700779837,338.0894700779837,336.48692336309523,0.993366341191882,0.993366341191882,1,29344.81333333333,29344.81333333333,29471.613333333335,0,0,0.16464383334492264,0.11902618545486161,0.11902618545486161,0.1439097085464703,1,1,1,1.2082475423501986,1.2082475423501986,1.2082475423501986,1,1,0.9964161849710982,0.12501689189189183,0.12501689189189183,0.12466779279279272,0.02956521739130479,0.02956521739130479,0,0.13645920338687806,0.13645920338687806,0.11991869388543812,1,1,1,0.85791637269711285,0.85791637269711285,0.85791637269711285,1,1,1,0.06657657657657665,0.06657657657657665,0.06657657657657665,0,0,0,0.377123616632825,0.377123616632825,0.377123616632825
1748,1,1,1,24.3713077029,24.3713077029,24.3713077029,1,1,1,28.236415021733333,28.236415021733333,28.236415021733333,1,1,0,338.09309352348475,338.09309352348475,336.48970131512425,NA,NA,NA,NA,NA,NA,1,1,0,338.0894700779837,338.0894700779837,336.48692336309523,0.993366341191882,0.993366341191882,1,29344.81333333333,29344.81333333333,29471.613333333335,0,0,0.16464383334492264,0.11902618545486161,0.11902618545486161,0.1439097085464703,1,1,1,1.2082475423501986,1.2082475423501986,1.2082475423501986,1,1,0.9964161849710982,0.12501689189189183,0.12501689189189183,0.12466779279279272,0.02956521739130479,0.02956521739130479,0,0.13645920338687806,0.13645920338687806,0.11991869388543812,1,1,1,0.85791637269711285,0.85791637269711285,0.85791637269711285,1,1,1,0.06657657657657665,0.06657657657657665,0.06657657657657665,0,0,0,0.377123616632825,0.377123616632825,0.377123616632825
1758,0.8310007039181982,0.8310007039181982,1,18.92929667645,18.92929667645,19.68569260515,1,1,2.26697542875413e-10,27.710780452116666,27.710780452116666,25.06408193965,0.030932856863006477,0.030932856863006477,1,353.1295301063017,353.1295301063017,403.36073615252553,0,0,0.5238719708510625,0.13047747747747962,0.13047747747747962,0.5812409909909878,0.03091600287073134,0.03091600287073134,1,353.12317543512665,353.12317543512665,403.35613674465037,0.8833196592339508,0.8833196592339508,0.4660620092309537,27478.27666666667,27478.27666666667,20053.093333333334,0.8481302789959704,0.8481302789959704,0,0.26020828741527613,0.26020828741527613,0.1279632245941192,1,1,0.726992777403094,1.24965716822007,1.24965716822007,1.212768514501096,0.9966238150889494,0.9966238150889494,0.5794052720425918,0.11986908783783778,0.11986908783783778,0.08368665540540536,0.020180991482988807,0.020180991482988807,0.2790069247732968,0.24452495642841865,0.24452495642841865,0.2929235037746945,1,1,0.9354893983910767,0.8782379141834695,0.8782379141834695,0.85791637269711285,1,1,0.9159101767797418,0.05027027027027032,0.05027027027027032,0.04630630630630635,0.4961822430053023,0.4961822430053023,0.6061533913747864,0.37564758898615463,0.37564758898615463,0.39299420408505303
1777,1,0.7617311123645226,1,24.3713077029,22.268769425633334,24.3713077029,1,0.8970330594878421,1,28.236415021733333,27.185145882866664,28.236415021733333,1,0,0.9867020723715069,338.09309352348475,217.51850076325988,336.48970131512425,NA,NA,NA,NA,NA,NA,1,0,0.9867092863170509,338.0894700779837,217.5130470869123,336.48692336309523,1,0,0.6589784508180782,40789,7602.280000000002,29471.613333333335,1,0,0.11445636123737941,0.6399513885598922,0.07979640770931985,0.1439097085464703,1,0.7001794963769673,1,1.2082475423501986,1.1100164971539541,1.2082475423501986,1,0.03456790123456797,0.6448933782267116,0.17811373873873868,0.03280968468468464,0.12466779279279272,0.883170731707317,0.02487804878048812,0.09456568249893063,0.6071895186275785,0.07685943273766843,0.11991869388543812,1,0.3964915821471389,1,0.85791637269711285,0.563227032568226,0.85791637269711285,1,0.026151930261519383,0.9003735990037361,0.07378378378378385,0.0033333333333333435,0.06657657657657665,0.7666666666666663,0,0.45555555555555544,0.5656854249492377,0.10101525445522058,0.377123616632825
1786,0.8310007039181982,0.8310007039181982,1,18.92929667645,18.92929667645,19.68569260515,1,1,2.26697542875413e-10,27.710780452116666,27.710780452116666,25.06408193965,0.030932856863006477,0.030932856863006477,1,353.1295301063017,353.1295301063017,403.36073615252553,0,0,0.5238719708510625,0.13047747747747962,0.13047747747747962,0.5812409909909878,0.03091600287073134,0.03091600287073134,1,353.12317543512665,353.12317543512665,403.35613674465037,0.8833196592339508,0.8833196592339508,0.4660620092309537,27478.27666666667,27478.27666666667,20053.093333333334,0.8481302789959704,0.8481302789959704,0,0.26020828741527613,0.26020828741527613,0.1279632245941192,1,1,0.726992777403094,1.24965716822007,1.24965716822007,1.212768514501096,0.9966238150889494,0.9966238150889494,0.5794052720425918,0.11986908783783778,0.11986908783783778,0.08368665540540536,0.020180991482988807,0.020180991482988807,0.2790069247732968,0.24452495642841865,0.24452495642841865,0.2929235037746945,1,1,0.9354893983910767,0.8782379141834695,0.8782379141834695,0.85791637269711285,1,1,0.9159101767797418,0.05027027027027032,0.05027027027027032,0.04630630630630635,0.4961822430053023,0.4961822430053023,0.6061533913747864,0.37564758898615463,0.37564758898615463,0.39299420408505303
1806,0.8310007039181982,0.8310007039181982,1,18.92929667645,18.92929667645,19.68569260515,1,1,2.26697542875413e-10,27.710780452116666,27.710780452116666,25.06408193965,0.030932856863006477,0.030932856863006477,1,353.1295301063017,353.1295301063017,403.36073615252553,0,0,0.5238719708510625,0.13047747747747962,0.13047747747747962,0.5812409909909878,0.03091600287073134,0.03091600287073134,1,353.12317543512665,353.12317543512665,403.35613674465037,0.8833196592339508,0.8833196592339508,0.4660620092309537,27478.27666666667,27478.27666666667,20053.093333333334,0.8481302789959704,0.8481302789959704,0,0.26020828741527613,0.26020828741527613,0.1279632245941192,1,1,0.726992777403094,1.24965716822007,1.24965716822007,1.212768514501096,0.9966238150889494,0.9966238150889494,0.5794052720425918,0.11986908783783778,0.11986908783783778,0.08368665540540536,0.020180991482988807,0.020180991482988807,0.2790069247732968,0.24452495642841865,0.24452495642841865,0.2929235037746945,1,1,0.9354893983910767,0.8782379141834695,0.8782379141834695,0.85791637269711285,1,1,0.9159101767797418,0.05027027027027032,0.05027027027027032,0.04630630630630635,0.4961822430053023,0.4961822430053023,0.6061533913747864,0.37564758898615463,0.37564758898615463,0.39299420408505303
1812,1,0.7617311123645226,1,24.3713077029,22.268769425633334,24.3713077029,1,0.8970330594878421,1,28.236415021733333,27.185145882866664,28.236415021733333,1,0,0.9867020723715069,338.09309352348475,217.51850076325988,336.48970131512425,NA,NA,NA,NA,NA,NA,1,0,0.9867092863170509,338.0894700779837,217.5130470869123,336.48692336309523,1,0,0.6589784508180782,40789,7602.280000000002,29471.613333333335,1,0,0.11445636123737941,0.6399513885598922,0.07979640770931985,0.1439097085464703,1,0.7001794963769673,1,1.2082475423501986,1.1100164971539541,1.2082475423501986,1,0.03456790123456797,0.6448933782267116,0.17811373873873868,0.03280968468468464,0.12466779279279272,0.883170731707317,0.02487804878048812,0.09456568249893063,0.6071895186275785,0.07685943273766843,0.11991869388543812,1,0.3964915821471389,1,0.85791637269711285,0.563227032568226,0.85791637269711285,1,0.026151930261519383,0.9003735990037361,0.07378378378378385,0.0033333333333333435,0.06657657657657665,0.7666666666666663,0,0.45555555555555544,0.5656854249492377,0.10101525445522058,0.377123616632825
1821,1,0.7617311123645226,1,24.3713077029,22.268769425633334,24.3713077029,1,0.8970330594878421,1,28.236415021733333,27.185145882866664,28.236415021733333,1,0,0.9867020723715069,338.09309352348475,217.51850076325988,336.48970131512425,NA,NA,NA,NA,NA,NA,1,0,0.9867092863170509,338.0894700779837,217.5130470869123,336.48692336309523,1,0,0.6589784508180782,40789,7602.280000000002,29471.613333333335,1,0,0.11445636123737941,0.6399513885598922,0.07979640770931985,0.1439097085464703,1,0.7001794963769673,1,1.2082475423501986,1.1100164971539541,1.2082475423501986,1,0.03456790123456797,0.6448933782267116,0.17811373873873868,0.03280968468468464,0.12466779279279272,0.883170731707317,0.02487804878048812,0.09456568249893063,0.6071895186275785,0.07685943273766843,0.11991869388543812,1,0.3964915821471389,1,0.85791637269711285,0.563227032568226,0.85791637269711285,1,0.026151930261519383,0.9003735990037361,0.07378378378378385,0.0033333333333333435,0.06657657657657665,0.7666666666666663,0,0.45555555555555544,0.5656854249492377,0.10101525445522058,0.377123616632825
1825,0.8310007039181982,0.8310007039181982,1,18.92929667645,18.92929667645,19.68569260515,1,1,2.26697542875413e-10,27.710780452116666,27.710780452116666,25.06408193965,0.030932856863006477,0.030932856863006477,1,353.1295301063017,353.1295301063017,403.36073615252553,0,0,0.5238719708510625,0.13047747747747962,0.13047747747747962,0.5812409909909878,0.03091600287073134,0.03091600287073134,1,353.12317543512665,353.12317543512665,403.35613674465037,0.8833196592339508,0.8833196592339508,0.4660620092309537,27478.27666666667,27478.27666666667,20053.093333333334,0.8481302789959704,0.8481302789959704,0,0.26020828741527613,0.26020828741527613,0.1279632245941192,1,1,0.726992777403094,1.24965716822007,1.24965716822007,1.212768514501096,0.9966238150889494,0.9966238150889494,0.5794052720425918,0.11986908783783778,0.11986908783783778,0.08368665540540536,0.020180991482988807,0.020180991482988807,0.2790069247732968,0.24452495642841865,0.24452495642841865,0.2929235037746945,1,1,0.9354893983910767,0.8782379141834695,0.8782379141834695,0.85791637269711285,1,1,0.9159101767797418,0.05027027027027032,0.05027027027027032,0.04630630630630635,0.4961822430053023,0.4961822430053023,0.6061533913747864,0.37564758898615463,0.37564758898615463,0.39299420408505303
1836,0.8310007039181982,0.8310007039181982,1,18.92929667645,18.92929667645,19.68569260515,1,1,2.26697542875413e-10,27.710780452116666,27.710780452116666,25.06408193965,0.030932856863006477,0.030932856863006477,1,353.1295301063017,353.1295301063017,403.36073615252553,0,0,0.5238719708510625,0.13047747747747962,0.13047747747747962,0.5812409909909878,0.03091600287073134,0.03091600287073134,1,353.12317543512665,353.12317543512665,403.35613674465037,0.8833196592339508,0.8833196592339508,0.4660620092309537,27478.27666666667,27478.27666666667,20053.093333333334,0.8481302789959704,0.8481302789959704,0,0.26020828741527613,0.26020828741527613,0.1279632245941192,1,1,0.726992777403094,1.24965716822007,1.24965716822007,1.212768514501096,0.9966238150889494,0.9966238150889494,0.5794052720425918,0.11986908783783778,0.11986908783783778,0.08368665540540536,0.020180991482988807,0.020180991482988807,0.2790069247732968,0.24452495642841865,0.24452495642841865,0.2929235037746945,1,1,0.9354893983910767,0.8782379141834695,0.8782379141834695,0.85791637269711285,1,1,0.9159101767797418,0.05027027027027032,0.05027027027027032,0.04630630630630635,0.4961822430053023,0.4961822430053023,0.6061533913747864,0.37564758898615463,0.37564758898615463,0.39299420408505303
1840,0.8310007039181982,0.8310007039181982,1,18.92929667645,18.92929667645,19.68569260515,1,1,2.26697542875413e-10,27.710780452116666,27.710780452116666,25.06408193965,0.030932856863006477,0.030932856863006477,1,353.1295301063017,353.1295301063017,403.36073615252553,0,0,0.5238719708510625,0.13047747747747962,0.13047747747747962,0.5812409909909878,0.03091600287073134,0.03091600287073134,1,353.12317543512665,353.12317543512665,403.35613674465037,0.8833196592339508,0.8833196592339508,0.4660620092309537,27478.27666666667,27478.27666666667,20053.093333333334,0.8481302789959704,0.8481302789959704,0,0.26020828741527613,0.26020828741527613,0.1279632245941192,1,1,0.726992777403094,1.24965716822007,1.24965716822007,1.212768514501096,0.9966238150889494,0.9966238150889494,0.5794052720425918,0.11986908783783778,0.11986908783783778,0.08368665540540536,0.020180991482988807,0.020180991482988807,0.2790069247732968,0.24452495642841865,0.24452495642841865,0.2929235037746945,1,1,0.9354893983910767,0.8782379141834695,0.8782379141834695,0.85791637269711285,1,1,0.9159101767797418,0.05027027027027032,0.05027027027027032,0.04630630630630635,0.4961822430053023,0.4961822430053023,0.6061533913747864,0.37564758898615463,0.37564758898615463,0.39299420408505303
1841,0.8310007039181982,0.8310007039181982,1,18.92929667645,18.92929667645,19.68569260515,1,1,2.26697542875413e-10,27.710780452116666,27.710780452116666,25.06408193965,0.030932856863006477,0.030932856863006477,1,353.1295301063017,353.1295301063017,403.36073615252553,0,0,0.5238719708510625,0.13047747747747962,0.13047747747747962,0.5812409909909878,0.03091600287073134,0.03091600287073134,1,353.12317543512665,353.12317543512665,403.35613674465037,0.8833196592339508,0.8833196592339508,0.4660620092309537,27478.27666666667,27478.27666666667,20053.093333333334,0.8481302789959704,0.8481302789959704,0,0.26020828741527613,0.26020828741527613,0.1279632245941192,1,1,0.726992777403094,1.24965716822007,1.24965716822007,1.212768514501096,0.9966238150889494,0.9966238150889494,0.5794052720425918,0.11986908783783778,0.11986908783783778,0.08368665540540536,0.020180991482988807,0.020180991482988807,0.2790069247732968,0.24452495642841865,0.24452495642841865,0.2929235037746945,1,1,0.9354893983910767,0.8782379141834695,0.8782379141834695,0.85791637269711285,1,1,0.9159101767797418,0.05027027027027032,0.05027027027027032,0.04630630630630635,0.4961822430053023,0.4961822430053023,0.6061533913747864,0.37564758898615463,0.37564758898615463,0.39299420408505303
1844,1,0.7617311123645226,1,24.3713077029,22.268769425633334,24.3713077029,1,0.8970330594878421,1,28.236415021733333,27.185145882866664,28.236415021733333,1,0,0.9867020723715069,338.09309352348475,217.51850076325988,336.48970131512425,NA,NA,NA,NA,NA,NA,1,0,0.9867092863170509,338.0894700779837,217.5130470869123,336.48692336309523,1,0,0.6589784508180782,40789,7602.280000000002,29471.613333333335,1,0,0.11445636123737941,0.6399513885598922,0.07979640770931985,0.1439097085464703,1,0.7001794963769673,1,1.2082475423501986,1.1100164971539541,1.2082475423501986,1,0.03456790123456797,0.6448933782267116,0.17811373873873868,0.03280968468468464,0.12466779279279272,0.883170731707317,0.02487804878048812,0.09456568249893063,0.6071895186275785,0.07685943273766843,0.11991869388543812,1,0.3964915821471389,1,0.85791637269711285,0.563227032568226,0.85791637269711285,1,0.026151930261519383,0.9003735990037361,0.07378378378378385,0.0033333333333333435,0.06657657657657665,0.7666666666666663,0,0.45555555555555544,0.5656854249492377,0.10101525445522058,0.377123616632825
1863,1,0.2251166050299869,0.3908099782077841,32.1015223406,17.3523929688,20.5062003841,1,0.2251166050299869,0.3908099782077841,32.1015223406,17.3523929688,20.5062003841,1,0,0.41659859590912185,271.22205868608353,150.64746592585863,200.8786719720825,NA,NA,NA,NA,NA,NA,1,0,0.4166068296224336,271.2202566964286,150.64383370535717,200.87679501488094,1,0,0.1419561290322581,64082,144.5,9220.820000000002,NA,NA,NA,NA,NA,NA,1,0.11259143902930982,0.4124119426523429,1.068606871284083,0.7778626779855247,0.8760937231817693,1,0.0048741580999645834,0.29528535980148884,0.2859459459459459,0.0014273648648648748,0.08445945945945946,NA,NA,NA,NA,NA,NA,1,0.06451060160892347,1,0.6643120429923275,0.3696227028634407,0.6643120429923275,1,0.010000000000000037,0.5877777777777774,0.12162162162162175,0.001216216216216222,0.07148648648648652,NA,NA,NA,NA,NA,NA
1864,0.8310007039181982,0.8310007039181982,1,18.92929667645,18.92929667645,19.68569260515,1,1,2.26697542875413e-10,27.710780452116666,27.710780452116666,25.06408193965,0.030932856863006477,0.030932856863006477,1,353.1295301063017,353.1295301063017,403.36073615252553,0,0,0.5238719708510625,0.13047747747747962,0.13047747747747962,0.5812409909909878,0.03091600287073134,0.03091600287073134,1,353.12317543512665,353.12317543512665,403.35613674465037,0.8833196592339508,0.8833196592339508,0.4660620092309537,27478.27666666667,27478.27666666667,20053.093333333334,0.8481302789959704,0.8481302789959704,0,0.26020828741527613,0.26020828741527613,0.1279632245941192,1,1,0.726992777403094,1.24965716822007,1.24965716822007,1.212768514501096,0.9966238150889494,0.9966238150889494,0.5794052720425918,0.11986908783783778,0.11986908783783778,0.08368665540540536,0.020180991482988807,0.020180991482988807,0.2790069247732968,0.24452495642841865,0.24452495642841865,0.2929235037746945,1,1,0.9354893983910767,0.8782379141834695,0.8782379141834695,0.85791637269711285,1,1,0.9159101767797418,0.05027027027027032,0.05027027027027032,0.04630630630630635,0.4961822430053023,0.4961822430053023,0.6061533913747864,0.37564758898615463,0.37564758898615463,0.39299420408505303
1868,1,0.7617311123645226,1,24.3713077029,22.268769425633334,24.3713077029,1,0.8970330594878421,1,28.236415021733333,27.185145882866664,28.236415021733333,1,0,0.9867020723715069,338.09309352348475,217.51850076325988,336.48970131512425,NA,NA,NA,NA,NA,NA,1,0,0.9867092863170509,338.0894700779837,217.5130470869123,336.48692336309523,1,0,0.6589784508180782,40789,7602.280000000002,29471.613333333335,1,0,0.11445636123737941,0.6399513885598922,0.07979640770931985,0.1439097085464703,1,0.7001794963769673,1,1.2082475423501986,1.1100164971539541,1.2082475423501986,1,0.03456790123456797,0.6448933782267116,0.17811373873873868,0.03280968468468464,0.12466779279279272,0.883170731707317,0.02487804878048812,0.09456568249893063,0.6071895186275785,0.07685943273766843,0.11991869388543812,1,0.3964915821471389,1,0.85791637269711285,0.563227032568226,0.85791637269711285,1,0.026151930261519383,0.9003735990037361,0.07378378378378385,0.0033333333333333435,0.06657657657657665,0.7666666666666663,0,0.45555555555555544,0.5656854249492377,0.10101525445522058,0.377123616632825
1871,0.8310007039181982,0.8310007039181982,1,18.92929667645,18.92929667645,19.68569260515,1,1,2.26697542875413e-10,27.710780452116666,27.710780452116666,25.06408193965,0.030932856863006477,0.030932856863006477,1,353.1295301063017,353.1295301063017,403.36073615252553,0,0,0.5238719708510625,0.13047747747747962,0.13047747747747962,0.5812409909909878,0.03091600287073134,0.03091600287073134,1,353.12317543512665,353.12317543512665,403.35613674465037,0.8833196592339508,0.8833196592339508,0.4660620092309537,27478.27666666667,27478.27666666667,20053.093333333334,0.8481302789959704,0.8481302789959704,0,0.26020828741527613,0.26020828741527613,0.1279632245941192,1,1,0.726992777403094,1.24965716822007,1.24965716822007,1.212768514501096,0.9966238150889494,0.9966238150889494,0.5794052720425918,0.11986908783783778,0.11986908783783778,0.08368665540540536,0.020180991482988807,0.020180991482988807,0.2790069247732968,0.24452495642841865,0.24452495642841865,0.2929235037746945,1,1,0.9354893983910767,0.8782379141834695,0.8782379141834695,0.85791637269711285,1,1,0.9159101767797418,0.05027027027027032,0.05027027027027032,0.04630630630630635,0.4961822430053023,0.4961822430053023,0.6061533913747864,0.37564758898615463,0.37564758898615463,0.39299420408505303
1919,0.8310007039181982,0.8310007039181982,1,18.92929667645,18.92929667645,19.68569260515,1,1,2.26697542875413e-10,27.710780452116666,27.710780452116666,25.06408193965,0.030932856863006477,0.030932856863006477,1,353.1295301063017,353.1295301063017,403.36073615252553,0,0,0.5238719708510625,0.13047747747747962,0.13047747747747962,0.5812409909909878,0.03091600287073134,0.03091600287073134,1,353.12317543512665,353.12317543512665,403.35613674465037,0.8833196592339508,0.8833196592339508,0.4660620092309537,27478.27666666667,27478.27666666667,20053.093333333334,0.8481302789959704,0.8481302789959704,0,0.26020828741527613,0.26020828741527613,0.1279632245941192,1,1,0.726992777403094,1.24965716822007,1.24965716822007,1.212768514501096,0.9966238150889494,0.9966238150889494,0.5794052720425918,0.11986908783783778,0.11986908783783778,0.08368665540540536,0.020180991482988807,0.020180991482988807,0.2790069247732968,0.24452495642841865,0.24452495642841865,0.2929235037746945,1,1,0.9354893983910767,0.8782379141834695,0.8782379141834695,0.85791637269711285,1,1,0.9159101767797418,0.05027027027027032,0.05027027027027032,0.04630630630630635,0.4961822430053023,0.4961822430053023,0.6061533913747864,0.37564758898615463,0.37564758898615463,0.39299420408505303
1936,1,0.7617311123645226,1,24.3713077029,22.268769425633334,24.3713077029,1,0.8970330594878421,1,28.236415021733333,27.185145882866664,28.236415021733333,1,0,0.9867020723715069,338.09309352348475,217.51850076325988,336.48970131512425,NA,NA,NA,NA,NA,NA,1,0,0.9867092863170509,338.0894700779837,217.5130470869123,336.48692336309523,1,0,0.6589784508180782,40789,7602.280000000002,29471.613333333335,1,0,0.11445636123737941,0.6399513885598922,0.07979640770931985,0.1439097085464703,1,0.7001794963769673,1,1.2082475423501986,1.1100164971539541,1.2082475423501986,1,0.03456790123456797,0.6448933782267116,0.17811373873873868,0.03280968468468464,0.12466779279279272,0.883170731707317,0.02487804878048812,0.09456568249893063,0.6071895186275785,0.07685943273766843,0.11991869388543812,1,0.3964915821471389,1,0.85791637269711285,0.563227032568226,0.85791637269711285,1,0.026151930261519383,0.9003735990037361,0.07378378378378385,0.0033333333333333435,0.06657657657657665,0.7666666666666663,0,0.45555555555555544,0.5656854249492377,0.10101525445522058,0.377123616632825
1992,1,0.7617311123645226,1,24.3713077029,22.268769425633334,24.3713077029,1,0.8970330594878421,1,28.236415021733333,27.185145882866664,28.236415021733333,1,0,0.9867020723715069,338.09309352348475,217.51850076325988,336.48970131512425,NA,NA,NA,NA,NA,NA,1,0,0.9867092863170509,338.0894700779837,217.5130470869123,336.48692336309523,1,0,0.6589784508180782,40789,7602.280000000002,29471.613333333335,1,0,0.11445636123737941,0.6399513885598922,0.07979640770931985,0.1439097085464703,1,0.7001794963769673,1,1.2082475423501986,1.1100164971539541,1.2082475423501986,1,0.03456790123456797,0.6448933782267116,0.17811373873873868,0.03280968468468464,0.12466779279279272,0.883170731707317,0.02487804878048812,0.09456568249893063,0.6071895186275785,0.07685943273766843,0.11991869388543812,1,0.3964915821471389,1,0.85791637269711285,0.563227032568226,0.85791637269711285,1,0.026151930261519383,0.9003735990037361,0.07378378378378385,0.0033333333333333435,0.06657657657657665,0.7666666666666663,0,0.45555555555555544,0.5656854249492377,0.10101525445522058,0.377123616632825
2054,0.8310007039181982,0.8310007039181982,1,18.92929667645,18.92929667645,19.68569260515,1,1,2.26697542875413e-10,27.710780452116666,27.710780452116666,25.06408193965,0.030932856863006477,0.030932856863006477,1,353.1295301063017,353.1295301063017,403.36073615252553,0,0,0.5238719708510625,0.13047747747747962,0.13047747747747962,0.5812409909909878,0.03091600287073134,0.03091600287073134,1,353.12317543512665,353.12317543512665,403.35613674465037,0.8833196592339508,0.8833196592339508,0.4660620092309537,27478.27666666667,27478.27666666667,20053.093333333334,0.8481302789959704,0.8481302789959704,0,0.26020828741527613,0.26020828741527613,0.1279632245941192,1,1,0.726992777403094,1.24965716822007,1.24965716822007,1.212768514501096,0.9966238150889494,0.9966238150889494,0.5794052720425918,0.11986908783783778,0.11986908783783778,0.08368665540540536,0.020180991482988807,0.020180991482988807,0.2790069247732968,0.24452495642841865,0.24452495642841865,0.2929235037746945,1,1,0.9354893983910767,0.8782379141834695,0.8782379141834695,0.85791637269711285,1,1,0.9159101767797418,0.05027027027027032,0.05027027027027032,0.04630630630630635,0.4961822430053023,0.4961822430053023,0.6061533913747864,0.37564758898615463,0.37564758898615463,0.39299420408505303
2088,1,0.7617311123645226,1,24.3713077029,22.268769425633334,24.3713077029,1,0.8970330594878421,1,28.236415021733333,27.185145882866664,28.236415021733333,1,0,0.9867020723715069,338.09309352348475,217.51850076325988,336.48970131512425,NA,NA,NA,NA,NA,NA,1,0,0.9867092863170509,338.0894700779837,217.5130470869123,336.48692336309523,1,0,0.6589784508180782,40789,7602.280000000002,29471.613333333335,1,0,0.11445636123737941,0.6399513885598922,0.07979640770931985,0.1439097085464703,1,0.7001794963769673,1,1.2082475423501986,1.1100164971539541,1.2082475423501986,1,0.03456790123456797,0.6448933782267116,0.17811373873873868,0.03280968468468464,0.12466779279279272,0.883170731707317,0.02487804878048812,0.09456568249893063,0.6071895186275785,0.07685943273766843,0.11991869388543812,1,0.3964915821471389,1,0.85791637269711285,0.563227032568226,0.85791637269711285,1,0.026151930261519383,0.9003735990037361,0.07378378378378385,0.0033333333333333435,0.06657657657657665,0.7666666666666663,0,0.45555555555555544,0.5656854249492377,0.10101525445522058,0.377123616632825
2120,1,0.7617311123645226,1,24.3713077029,22.268769425633334,24.3713077029,1,0.8970330594878421,1,28.236415021733333,27.185145882866664,28.236415021733333,1,0,0.9867020723715069,338.09309352348475,217.51850076325988,336.48970131512425,NA,NA,NA,NA,NA,NA,1,0,0.9867092863170509,338.0894700779837,217.5130470869123,336.48692336309523,1,0,0.6589784508180782,40789,7602.280000000002,29471.613333333335,1,0,0.11445636123737941,0.6399513885598922,0.07979640770931985,0.1439097085464703,1,0.7001794963769673,1,1.2082475423501986,1.1100164971539541,1.2082475423501986,1,0.03456790123456797,0.6448933782267116,0.17811373873873868,0.03280968468468464,0.12466779279279272,0.883170731707317,0.02487804878048812,0.09456568249893063,0.6071895186275785,0.07685943273766843,0.11991869388543812,1,0.3964915821471389,1,0.85791637269711285,0.563227032568226,0.85791637269711285,1,0.026151930261519383,0.9003735990037361,0.07378378378378385,0.0033333333333333435,0.06657657657657665,0.7666666666666663,0,0.45555555555555544,0.5656854249492377,0.10101525445522058,0.377123616632825
2131,1,0.7617311123645226,1,24.3713077029,22.268769425633334,24.3713077029,1,0.8970330594878421,1,28.236415021733333,27.185145882866664,28.236415021733333,1,0,0.9867020723715069,338.09309352348475,217.51850076325988,336.48970131512425,NA,NA,NA,NA,NA,NA,1,0,0.9867092863170509,338.0894700779837,217.5130470869123,336.48692336309523,1,0,0.6589784508180782,40789,7602.280000000002,29471.613333333335,1,0,0.11445636123737941,0.6399513885598922,0.07979640770931985,0.1439097085464703,1,0.7001794963769673,1,1.2082475423501986,1.1100164971539541,1.2082475423501986,1,0.03456790123456797,0.6448933782267116,0.17811373873873868,0.03280968468468464,0.12466779279279272,0.883170731707317,0.02487804878048812,0.09456568249893063,0.6071895186275785,0.07685943273766843,0.11991869388543812,1,0.3964915821471389,1,0.85791637269711285,0.563227032568226,0.85791637269711285,1,0.026151930261519383,0.9003735990037361,0.07378378378378385,0.0033333333333333435,0.06657657657657665,0.7666666666666663,0,0.45555555555555544,0.5656854249492377,0.10101525445522058,0.377123616632825
2142,0.8310007039181982,0.8310007039181982,1,18.92929667645,18.92929667645,19.68569260515,1,1,2.26697542875413e-10,27.710780452116666,27.710780452116666,25.06408193965,0.030932856863006477,0.030932856863006477,1,353.1295301063017,353.1295301063017,403.36073615252553,0,0,0.5238719708510625,0.13047747747747962,0.13047747747747962,0.5812409909909878,0.03091600287073134,0.03091600287073134,1,353.12317543512665,353.12317543512665,403.35613674465037,0.8833196592339508,0.8833196592339508,0.4660620092309537,27478.27666666667,27478.27666666667,20053.093333333334,0.8481302789959704,0.8481302789959704,0,0.26020828741527613,0.26020828741527613,0.1279632245941192,1,1,0.726992777403094,1.24965716822007,1.24965716822007,1.212768514501096,0.9966238150889494,0.9966238150889494,0.5794052720425918,0.11986908783783778,0.11986908783783778,0.08368665540540536,0.020180991482988807,0.020180991482988807,0.2790069247732968,0.24452495642841865,0.24452495642841865,0.2929235037746945,1,1,0.9354893983910767,0.8782379141834695,0.8782379141834695,0.85791637269711285,1,1,0.9159101767797418,0.05027027027027032,0.05027027027027032,0.04630630630630635,0.4961822430053023,0.4961822430053023,0.6061533913747864,0.37564758898615463,0.37564758898615463,0.39299420408505303
2144,0.8310007039181982,0.8310007039181982,1,18.92929667645,18.92929667645,19.68569260515,1,1,2.26697542875413e-10,27.710780452116666,27.710780452116666,25.06408193965,0.030932856863006477,0.030932856863006477,1,353.1295301063017,353.1295301063017,403.36073615252553,0,0,0.5238719708510625,0.13047747747747962,0.13047747747747962,0.5812409909909878,0.03091600287073134,0.03091600287073134,1,353.12317543512665,353.12317543512665,403.35613674465037,0.8833196592339508,0.8833196592339508,0.4660620092309537,27478.27666666667,27478.27666666667,20053.093333333334,0.8481302789959704,0.8481302789959704,0,0.26020828741527613,0.26020828741527613,0.1279632245941192,1,1,0.726992777403094,1.24965716822007,1.24965716822007,1.212768514501096,0.9966238150889494,0.9966238150889494,0.5794052720425918,0.11986908783783778,0.11986908783783778,0.08368665540540536,0.020180991482988807,0.020180991482988807,0.2790069247732968,0.24452495642841865,0.24452495642841865,0.2929235037746945,1,1,0.9354893983910767,0.8782379141834695,0.8782379141834695,0.85791637269711285,1,1,0.9159101767797418,0.05027027027027032,0.05027027027027032,0.04630630630630635,0.4961822430053023,0.4961822430053023,0.6061533913747864,0.37564758898615463,0.37564758898615463,0.39299420408505303
2147,1,0.7617311123645226,1,24.3713077029,22.268769425633334,24.3713077029,1,0.8970330594878421,1,28.236415021733333,27.185145882866664,28.236415021733333,1,0,0.9867020723715069,338.09309352348475,217.51850076325988,336.48970131512425,NA,NA,NA,NA,NA,NA,1,0,0.9867092863170509,338.0894700779837,217.5130470869123,336.48692336309523,1,0,0.6589784508180782,40789,7602.280000000002,29471.613333333335,1,0,0.11445636123737941,0.6399513885598922,0.07979640770931985,0.1439097085464703,1,0.7001794963769673,1,1.2082475423501986,1.1100164971539541,1.2082475423501986,1,0.03456790123456797,0.6448933782267116,0.17811373873873868,0.03280968468468464,0.12466779279279272,0.883170731707317,0.02487804878048812,0.09456568249893063,0.6071895186275785,0.07685943273766843,0.11991869388543812,1,0.3964915821471389,1,0.85791637269711285,0.563227032568226,0.85791637269711285,1,0.026151930261519383,0.9003735990037361,0.07378378378378385,0.0033333333333333435,0.06657657657657665,0.7666666666666663,0,0.45555555555555544,0.5656854249492377,0.10101525445522058,0.377123616632825
2176,0.8310007039181982,0.8310007039181982,1,18.92929667645,18.92929667645,19.68569260515,1,1,2.26697542875413e-10,27.710780452116666,27.710780452116666,25.06408193965,0.030932856863006477,0.030932856863006477,1,353.1295301063017,353.1295301063017,403.36073615252553,0,0,0.5238719708510625,0.13047747747747962,0.13047747747747962,0.5812409909909878,0.03091600287073134,0.03091600287073134,1,353.12317543512665,353.12317543512665,403.35613674465037,0.8833196592339508,0.8833196592339508,0.4660620092309537,27478.27666666667,27478.27666666667,20053.093333333334,0.8481302789959704,0.8481302789959704,0,0.26020828741527613,0.26020828741527613,0.1279632245941192,1,1,0.726992777403094,1.24965716822007,1.24965716822007,1.212768514501096,0.9966238150889494,0.9966238150889494,0.5794052720425918,0.11986908783783778,0.11986908783783778,0.08368665540540536,0.020180991482988807,0.020180991482988807,0.2790069247732968,0.24452495642841865,0.24452495642841865,0.2929235037746945,1,1,0.9354893983910767,0.8782379141834695,0.8782379141834695,0.85791637269711285,1,1,0.9159101767797418,0.05027027027027032,0.05027027027027032,0.04630630630630635,0.4961822430053023,0.4961822430053023,0.6061533913747864,0.37564758898615463,0.37564758898615463,0.39299420408505303
2190,1,0.7617311123645226,1,24.3713077029,22.268769425633334,24.3713077029,1,0.8970330594878421,1,28.236415021733333,27.185145882866664,28.236415021733333,1,0,0.9867020723715069,338.09309352348475,217.51850076325988,336.48970131512425,NA,NA,NA,NA,NA,NA,1,0,0.9867092863170509,338.0894700779837,217.5130470869123,336.48692336309523,1,0,0.6589784508180782,40789,7602.280000000002,29471.613333333335,1,0,0.11445636123737941,0.6399513885598922,0.07979640770931985,0.1439097085464703,1,0.7001794963769673,1,1.2082475423501986,1.1100164971539541,1.2082475423501986,1,0.03456790123456797,0.6448933782267116,0.17811373873873868,0.03280968468468464,0.12466779279279272,0.883170731707317,0.02487804878048812,0.09456568249893063,0.6071895186275785,0.07685943273766843,0.11991869388543812,1,0.3964915821471389,1,0.85791637269711285,0.563227032568226,0.85791637269711285,1,0.026151930261519383,0.9003735990037361,0.07378378378378385,0.0033333333333333435,0.06657657657657665,0.7666666666666663,0,0.45555555555555544,0.5656854249492377,0.10101525445522058,0.377123616632825
2285,0.8310007039181982,0.8310007039181982,1,18.92929667645,18.92929667645,19.68569260515,1,1,2.26697542875413e-10,27.710780452116666,27.710780452116666,25.06408193965,0.030932856863006477,0.030932856863006477,1,353.1295301063017,353.1295301063017,403.36073615252553,0,0,0.5238719708510625,0.13047747747747962,0.13047747747747962,0.5812409909909878,0.03091600287073134,0.03091600287073134,1,353.12317543512665,353.12317543512665,403.35613674465037,0.8833196592339508,0.8833196592339508,0.4660620092309537,27478.27666666667,27478.27666666667,20053.093333333334,0.8481302789959704,0.8481302789959704,0,0.26020828741527613,0.26020828741527613,0.1279632245941192,1,1,0.726992777403094,1.24965716822007,1.24965716822007,1.212768514501096,0.9966238150889494,0.9966238150889494,0.5794052720425918,0.11986908783783778,0.11986908783783778,0.08368665540540536,0.020180991482988807,0.020180991482988807,0.2790069247732968,0.24452495642841865,0.24452495642841865,0.2929235037746945,1,1,0.9354893983910767,0.8782379141834695,0.8782379141834695,0.85791637269711285,1,1,0.9159101767797418,0.05027027027027032,0.05027027027027032,0.04630630630630635,0.4961822430053023,0.4961822430053023,0.6061533913747864,0.37564758898615463,0.37564758898615463,0.39299420408505303
2298,1,0.2251166050299869,0.3908099782077841,32.1015223406,17.3523929688,20.5062003841,1,0.2251166050299869,0.3908099782077841,32.1015223406,17.3523929688,20.5062003841,1,0,0.41659859590912185,271.22205868608353,150.64746592585863,200.8786719720825,NA,NA,NA,NA,NA,NA,1,0,0.4166068296224336,271.2202566964286,150.64383370535717,200.87679501488094,1,0,0.1419561290322581,64082,144.5,9220.820000000002,NA,NA,NA,NA,NA,NA,1,0.11259143902930982,0.4124119426523429,1.068606871284083,0.7778626779855247,0.8760937231817693,1,0.0048741580999645834,0.29528535980148884,0.2859459459459459,0.0014273648648648748,0.08445945945945946,NA,NA,NA,NA,NA,NA,1,0.06451060160892347,1,0.6643120429923275,0.3696227028634407,0.6643120429923275,1,0.010000000000000037,0.5877777777777774,0.12162162162162175,0.001216216216216222,0.07148648648648652,NA,NA,NA,NA,NA,NA
2320,1,0.7617311123645226,1,24.3713077029,22.268769425633334,24.3713077029,1,0.8970330594878421,1,28.236415021733333,27.185145882866664,28.236415021733333,1,0,0.9867020723715069,338.09309352348475,217.51850076325988,336.48970131512425,NA,NA,NA,NA,NA,NA,1,0,0.9867092863170509,338.0894700779837,217.5130470869123,336.48692336309523,1,0,0.6589784508180782,40789,7602.280000000002,29471.613333333335,1,0,0.11445636123737941,0.6399513885598922,0.07979640770931985,0.1439097085464703,1,0.7001794963769673,1,1.2082475423501986,1.1100164971539541,1.2082475423501986,1,0.03456790123456797,0.6448933782267116,0.17811373873873868,0.03280968468468464,0.12466779279279272,0.883170731707317,0.02487804878048812,0.09456568249893063,0.6071895186275785,0.07685943273766843,0.11991869388543812,1,0.3964915821471389,1,0.85791637269711285,0.563227032568226,0.85791637269711285,1,0.026151930261519383,0.9003735990037361,0.07378378378378385,0.0033333333333333435,0.06657657657657665,0.7666666666666663,0,0.45555555555555544,0.5656854249492377,0.10101525445522058,0.377123616632825
2401,1,0.7617311123645226,1,24.3713077029,22.268769425633334,24.3713077029,1,0.8970330594878421,1,28.236415021733333,27.185145882866664,28.236415021733333,1,0,0.9867020723715069,338.09309352348475,217.51850076325988,336.48970131512425,NA,NA,NA,NA,NA,NA,1,0,0.9867092863170509,338.0894700779837,217.5130470869123,336.48692336309523,1,0,0.6589784508180782,40789,7602.280000000002,29471.613333333335,1,0,0.11445636123737941,0.6399513885598922,0.07979640770931985,0.1439097085464703,1,0.7001794963769673,1,1.2082475423501986,1.1100164971539541,1.2082475423501986,1,0.03456790123456797,0.6448933782267116,0.17811373873873868,0.03280968468468464,0.12466779279279272,0.883170731707317,0.02487804878048812,0.09456568249893063,0.6071895186275785,0.07685943273766843,0.11991869388543812,1,0.3964915821471389,1,0.85791637269711285,0.563227032568226,0.85791637269711285,1,0.026151930261519383,0.9003735990037361,0.07378378378378385,0.0033333333333333435,0.06657657657657665,0.7666666666666663,0,0.45555555555555544,0.5656854249492377,0.10101525445522058,0.377123616632825
2433,0.8310007039181982,0.8310007039181982,0.8310007039181982,18.92929667645,18.92929667645,18.92929667645,1,1,1,27.710780452116666,27.710780452116666,27.710780452116666,0.030932856863006477,0.030932856863006477,0,353.1295301063017,353.1295301063017,351.52613789794117,0,0,0.7091467340945189,0.13047747747747962,0.13047747747747962,0.7406599099099144,0.03091600287073134,0.03091600287073134,0,353.12317543512665,353.12317543512665,351.5206287202381,0.8833196592339508,0.8833196592339508,1,27478.27666666667,27478.27666666667,29554.626666666667,0.8481302789959704,0.8481302789959704,0.8843148455522895,0.26020828741527613,0.26020828741527613,0.26585038084821144,1,1,1,1.24965716822007,1.24965716822007,1.24965716822007,0.9966238150889494,0.9966238150889494,1,0.11986908783783778,0.11986908783783778,0.12016188063063059,0.020180991482988807,0.020180991482988807,0,0.24452495642841865,0.24452495642841865,0.240751259336448,1,1,1,0.8782379141834695,0.8782379141834695,0.8782379141834695,1,1,1,0.05027027027027032,0.05027027027027032,0.05027027027027032,0.4961822430053023,0.4961822430053023,0.4961822430053023,0.37564758898615463,0.37564758898615463,0.37564758898615463
2448,1,0.2251166050299869,0.3908099782077841,32.1015223406,17.3523929688,20.5062003841,1,0.2251166050299869,0.3908099782077841,32.1015223406,17.3523929688,20.5062003841,1,0,0.41659859590912185,271.22205868608353,150.64746592585863,200.8786719720825,NA,NA,NA,NA,NA,NA,1,0,0.4166068296224336,271.2202566964286,150.64383370535717,200.87679501488094,1,0,0.1419561290322581,64082,144.5,9220.820000000002,NA,NA,NA,NA,NA,NA,1,0.11259143902930982,0.4124119426523429,1.068606871284083,0.7778626779855247,0.8760937231817693,1,0.0048741580999645834,0.29528535980148884,0.2859459459459459,0.0014273648648648748,0.08445945945945946,NA,NA,NA,NA,NA,NA,1,0.06451060160892347,1,0.6643120429923275,0.3696227028634407,0.6643120429923275,1,0.010000000000000037,0.5877777777777774,0.12162162162162175,0.001216216216216222,0.07148648648648652,NA,NA,NA,NA,NA,NA
2455,1,0.2251166050299869,0.3908099782077841,32.1015223406,17.3523929688,20.5062003841,1,0.2251166050299869,0.3908099782077841,32.1015223406,17.3523929688,20.5062003841,1,0,0.41659859590912185,271.22205868608353,150.64746592585863,200.8786719720825,NA,NA,NA,NA,NA,NA,1,0,0.4166068296224336,271.2202566964286,150.64383370535717,200.87679501488094,1,0,0.1419561290322581,64082,144.5,9220.820000000002,NA,NA,NA,NA,NA,NA,1,0.11259143902930982,0.4124119426523429,1.068606871284083,0.7778626779855247,0.8760937231817693,1,0.0048741580999645834,0.29528535980148884,0.2859459459459459,0.0014273648648648748,0.08445945945945946,NA,NA,NA,NA,NA,NA,1,0.06451060160892347,1,0.6643120429923275,0.3696227028634407,0.6643120429923275,1,0.010000000000000037,0.5877777777777774,0.12162162162162175,0.001216216216216222,0.07148648648648652,NA,NA,NA,NA,NA,NA
2503,1,0.3908099782077841,0.3908099782077841,32.1015223406,20.5062003841,20.5062003841,1,0.3908099782077841,0.3908099782077841,32.1015223406,20.5062003841,20.5062003841,1,0.022793787493905166,0,271.22205868608353,202.48206418044302,200.8786719720825,NA,NA,NA,NA,NA,NA,1,0.022781743698418178,0,271.2202566964286,202.47934172976946,200.87679501488094,1,0.1433054840557898,0.1284686888035643,58140.5,10053.62,9220.820000000002,NA,NA,NA,NA,NA,NA,1,0.4124119426523429,0.4124119426523429,1.068606871284083,0.8760937231817693,0.8760937231817693,1,0.16270479187331094,0.34189554331839817,0.24696790540540525,0.040211148648648554,0.08445945945945946,NA,NA,NA,NA,NA,NA,1,0.6145956886062592,1,0.6643120429923275,0.5429054910818694,0.6643120429923275,1,0.05444444444444456,0.5877777777777774,0.12162162162162175,0.0066216216216216425,0.07148648648648652,NA,NA,NA,NA,NA,NA
2524,0.8310007039181982,0.8310007039181982,1,18.92929667645,18.92929667645,19.68569260515,1,1,2.26697542875413e-10,27.710780452116666,27.710780452116666,25.06408193965,0.030932856863006477,0.030932856863006477,1,353.1295301063017,353.1295301063017,403.36073615252553,0,0,0.5238719708510625,0.13047747747747962,0.13047747747747962,0.5812409909909878,0.03091600287073134,0.03091600287073134,1,353.12317543512665,353.12317543512665,403.35613674465037,0.8833196592339508,0.8833196592339508,0.4660620092309537,27478.27666666667,27478.27666666667,20053.093333333334,0.8481302789959704,0.8481302789959704,0,0.26020828741527613,0.26020828741527613,0.1279632245941192,1,1,0.726992777403094,1.24965716822007,1.24965716822007,1.212768514501096,0.9966238150889494,0.9966238150889494,0.5794052720425918,0.11986908783783778,0.11986908783783778,0.08368665540540536,0.020180991482988807,0.020180991482988807,0.2790069247732968,0.24452495642841865,0.24452495642841865,0.2929235037746945,1,1,0.9354893983910767,0.8782379141834695,0.8782379141834695,0.85791637269711285,1,1,0.9159101767797418,0.05027027027027032,0.05027027027027032,0.04630630630630635,0.4961822430053023,0.4961822430053023,0.6061533913747864,0.37564758898615463,0.37564758898615463,0.39299420408505303
2542,1,0.2251166050299869,0.3908099782077841,32.1015223406,17.3523929688,20.5062003841,1,0.2251166050299869,0.3908099782077841,32.1015223406,17.3523929688,20.5062003841,1,0,0.41659859590912185,271.22205868608353,150.64746592585863,200.8786719720825,NA,NA,NA,NA,NA,NA,1,0,0.4166068296224336,271.2202566964286,150.64383370535717,200.87679501488094,1,0,0.1419561290322581,64082,144.5,9220.820000000002,NA,NA,NA,NA,NA,NA,1,0.11259143902930982,0.4124119426523429,1.068606871284083,0.7778626779855247,0.8760937231817693,1,0.0048741580999645834,0.29528535980148884,0.2859459459459459,0.0014273648648648748,0.08445945945945946,NA,NA,NA,NA,NA,NA,1,0.06451060160892347,1,0.6643120429923275,0.3696227028634407,0.6643120429923275,1,0.010000000000000037,0.5877777777777774,0.12162162162162175,0.001216216216216222,0.07148648648648652,NA,NA,NA,NA,NA,NA
2689,1,0.3908099782077841,0.3908099782077841,32.1015223406,20.5062003841,20.5062003841,1,0.3908099782077841,0.3908099782077841,32.1015223406,20.5062003841,20.5062003841,1,0.022793787493905166,0,271.22205868608353,202.48206418044302,200.8786719720825,NA,NA,NA,NA,NA,NA,1,0.022781743698418178,0,271.2202566964286,202.47934172976946,200.87679501488094,1,0.1433054840557898,0.1284686888035643,58140.5,10053.62,9220.820000000002,NA,NA,NA,NA,NA,NA,1,0.4124119426523429,0.4124119426523429,1.068606871284083,0.8760937231817693,0.8760937231817693,1,0.16270479187331094,0.34189554331839817,0.24696790540540525,0.040211148648648554,0.08445945945945946,NA,NA,NA,NA,NA,NA,1,0.6145956886062592,1,0.6643120429923275,0.5429054910818694,0.6643120429923275,1,0.05444444444444456,0.5877777777777774,0.12162162162162175,0.0066216216216216425,0.07148648648648652,NA,NA,NA,NA,NA,NA
2737,1,0.7617311123645226,1,24.3713077029,22.268769425633334,24.3713077029,1,0.8970330594878421,1,28.236415021733333,27.185145882866664,28.236415021733333,1,0,0.9867020723715069,338.09309352348475,217.51850076325988,336.48970131512425,NA,NA,NA,NA,NA,NA,1,0,0.9867092863170509,338.0894700779837,217.5130470869123,336.48692336309523,1,0,0.6589784508180782,40789,7602.280000000002,29471.613333333335,1,0,0.11445636123737941,0.6399513885598922,0.07979640770931985,0.1439097085464703,1,0.7001794963769673,1,1.2082475423501986,1.1100164971539541,1.2082475423501986,1,0.03456790123456797,0.6448933782267116,0.17811373873873868,0.03280968468468464,0.12466779279279272,0.883170731707317,0.02487804878048812,0.09456568249893063,0.6071895186275785,0.07685943273766843,0.11991869388543812,1,0.3964915821471389,1,0.85791637269711285,0.563227032568226,0.85791637269711285,1,0.026151930261519383,0.9003735990037361,0.07378378378378385,0.0033333333333333435,0.06657657657657665,0.7666666666666663,0,0.45555555555555544,0.5656854249492377,0.10101525445522058,0.377123616632825
2757,1,0.3908099782077841,0.3908099782077841,32.1015223406,20.5062003841,20.5062003841,1,0.3908099782077841,0.3908099782077841,32.1015223406,20.5062003841,20.5062003841,1,0.022793787493905166,0,271.22205868608353,202.48206418044302,200.8786719720825,NA,NA,NA,NA,NA,NA,1,0.022781743698418178,0,271.2202566964286,202.47934172976946,200.87679501488094,1,0.1433054840557898,0.1284686888035643,58140.5,10053.62,9220.820000000002,NA,NA,NA,NA,NA,NA,1,0.4124119426523429,0.4124119426523429,1.068606871284083,0.8760937231817693,0.8760937231817693,1,0.16270479187331094,0.34189554331839817,0.24696790540540525,0.040211148648648554,0.08445945945945946,NA,NA,NA,NA,NA,NA,1,0.6145956886062592,1,0.6643120429923275,0.5429054910818694,0.6643120429923275,1,0.05444444444444456,0.5877777777777774,0.12162162162162175,0.0066216216216216425,0.07148648648648652,NA,NA,NA,NA,NA,NA
2792,0.9999999999932199,0,0.21383007334182108,32.1015223405,17.3523929688,20.5062003841,0.9999999999932199,0,0.21383007334182108,32.1015223405,17.3523929688,20.5062003841,1,0,0.41659859590912185,271.22205868608353,150.64746592585863,200.8786719720825,NA,NA,NA,NA,NA,NA,1,0,0.4166068296224336,271.2202566964286,150.64383370535717,200.87679501488094,1,0,0.1419561290322581,64082,144.5,9220.820000000002,NA,NA,NA,NA,NA,NA,1,0,0.33786072932976324,1.068606871284083,0.7778626779855247,0.8760937231817693,1,0,0.2918336450262713,0.2859459459459459,0.0014273648648648748,0.08445945945945946,NA,NA,NA,NA,NA,NA,1,0.58801851516801,1,0.6643120429923275,0.5429054910818694,0.6643120429923275,1,0,0.58361391694725,0.12162162162162175,0.001216216216216222,0.07148648648648652,NA,NA,NA,NA,NA,NA
2806,1,0.3908099782077841,0.3908099782077841,32.1015223406,20.5062003841,20.5062003841,1,0.3908099782077841,0.3908099782077841,32.1015223406,20.5062003841,20.5062003841,1,0.022793787493905166,0,271.22205868608353,202.48206418044302,200.8786719720825,NA,NA,NA,NA,NA,NA,1,0.022781743698418178,0,271.2202566964286,202.47934172976946,200.87679501488094,1,0.1433054840557898,0.1284686888035643,58140.5,10053.62,9220.820000000002,NA,NA,NA,NA,NA,NA,1,0.4124119426523429,0.4124119426523429,1.068606871284083,0.8760937231817693,0.8760937231817693,1,0.16270479187331094,0.34189554331839817,0.24696790540540525,0.040211148648648554,0.08445945945945946,NA,NA,NA,NA,NA,NA,1,0.6145956886062592,1,0.6643120429923275,0.5429054910818694,0.6643120429923275,1,0.05444444444444456,0.5877777777777774,0.12162162162162175,0.0066216216216216425,0.07148648648648652,NA,NA,NA,NA,NA,NA
2814,1,0.7617311123645226,1,24.3713077029,22.268769425633334,24.3713077029,1,0.8970330594878421,1,28.236415021733333,27.185145882866664,28.236415021733333,1,0,0.9867020723715069,338.09309352348475,217.51850076325988,336.48970131512425,NA,NA,NA,NA,NA,NA,1,0,0.9867092863170509,338.0894700779837,217.5130470869123,336.48692336309523,1,0,0.6589784508180782,40789,7602.280000000002,29471.613333333335,1,0,0.11445636123737941,0.6399513885598922,0.07979640770931985,0.1439097085464703,1,0.7001794963769673,1,1.2082475423501986,1.1100164971539541,1.2082475423501986,1,0.03456790123456797,0.6448933782267116,0.17811373873873868,0.03280968468468464,0.12466779279279272,0.883170731707317,0.02487804878048812,0.09456568249893063,0.6071895186275785,0.07685943273766843,0.11991869388543812,1,0.3964915821471389,1,0.85791637269711285,0.563227032568226,0.85791637269711285,1,0.026151930261519383,0.9003735990037361,0.07378378378378385,0.0033333333333333435,0.06657657657657665,0.7666666666666663,0,0.45555555555555544,0.5656854249492377,0.10101525445522058,0.377123616632825
2860,1,0.2251166050299869,0.3908099782077841,32.1015223406,17.3523929688,20.5062003841,1,0.2251166050299869,0.3908099782077841,32.1015223406,17.3523929688,20.5062003841,1,0,0.41659859590912185,271.22205868608353,150.64746592585863,200.8786719720825,NA,NA,NA,NA,NA,NA,1,0,0.4166068296224336,271.2202566964286,150.64383370535717,200.87679501488094,1,0,0.1419561290322581,64082,144.5,9220.820000000002,NA,NA,NA,NA,NA,NA,1,0.11259143902930982,0.4124119426523429,1.068606871284083,0.7778626779855247,0.8760937231817693,1,0.0048741580999645834,0.29528535980148884,0.2859459459459459,0.0014273648648648748,0.08445945945945946,NA,NA,NA,NA,NA,NA,1,0.06451060160892347,1,0.6643120429923275,0.3696227028634407,0.6643120429923275,1,0.010000000000000037,0.5877777777777774,0.12162162162162175,0.001216216216216222,0.07148648648648652,NA,NA,NA,NA,NA,NA
2937,1,0.7617311123645226,1,24.3713077029,22.268769425633334,24.3713077029,1,0.8970330594878421,1,28.236415021733333,27.185145882866664,28.236415021733333,1,0,0.9867020723715069,338.09309352348475,217.51850076325988,336.48970131512425,NA,NA,NA,NA,NA,NA,1,0,0.9867092863170509,338.0894700779837,217.5130470869123,336.48692336309523,1,0,0.6589784508180782,40789,7602.280000000002,29471.613333333335,1,0,0.11445636123737941,0.6399513885598922,0.07979640770931985,0.1439097085464703,1,0.7001794963769673,1,1.2082475423501986,1.1100164971539541,1.2082475423501986,1,0.03456790123456797,0.6448933782267116,0.17811373873873868,0.03280968468468464,0.12466779279279272,0.883170731707317,0.02487804878048812,0.09456568249893063,0.6071895186275785,0.07685943273766843,0.11991869388543812,1,0.3964915821471389,1,0.85791637269711285,0.563227032568226,0.85791637269711285,1,0.026151930261519383,0.9003735990037361,0.07378378378378385,0.0033333333333333435,0.06657657657657665,0.7666666666666663,0,0.45555555555555544,0.5656854249492377,0.10101525445522058,0.377123616632825
3022,1,0.7617311123645226,1,24.3713077029,22.268769425633334,24.3713077029,1,0.8970330594878421,1,28.236415021733333,27.185145882866664,28.236415021733333,1,0,0.9867020723715069,338.09309352348475,217.51850076325988,336.48970131512425,NA,NA,NA,NA,NA,NA,1,0,0.9867092863170509,338.0894700779837,217.5130470869123,336.48692336309523,1,0,0.6589784508180782,40789,7602.280000000002,29471.613333333335,1,0,0.11445636123737941,0.6399513885598922,0.07979640770931985,0.1439097085464703,1,0.7001794963769673,1,1.2082475423501986,1.1100164971539541,1.2082475423501986,1,0.03456790123456797,0.6448933782267116,0.17811373873873868,0.03280968468468464,0.12466779279279272,0.883170731707317,0.02487804878048812,0.09456568249893063,0.6071895186275785,0.07685943273766843,0.11991869388543812,1,0.3964915821471389,1,0.85791637269711285,0.563227032568226,0.85791637269711285,1,0.026151930261519383,0.9003735990037361,0.07378378378378385,0.0033333333333333435,0.06657657657657665,0.7666666666666663,0,0.45555555555555544,0.5656854249492377,0.10101525445522058,0.377123616632825
3037,1,0.7617311123645226,1,24.3713077029,22.268769425633334,24.3713077029,1,0.8970330594878421,1,28.236415021733333,27.185145882866664,28.236415021733333,1,0,0.9867020723715069,338.09309352348475,217.51850076325988,336.48970131512425,NA,NA,NA,NA,NA,NA,1,0,0.9867092863170509,338.0894700779837,217.5130470869123,336.48692336309523,1,0,0.6589784508180782,40789,7602.280000000002,29471.613333333335,1,0,0.11445636123737941,0.6399513885598922,0.07979640770931985,0.1439097085464703,1,0.7001794963769673,1,1.2082475423501986,1.1100164971539541,1.2082475423501986,1,0.03456790123456797,0.6448933782267116,0.17811373873873868,0.03280968468468464,0.12466779279279272,0.883170731707317,0.02487804878048812,0.09456568249893063,0.6071895186275785,0.07685943273766843,0.11991869388543812,1,0.3964915821471389,1,0.85791637269711285,0.563227032568226,0.85791637269711285,1,0.026151930261519383,0.9003735990037361,0.07378378378378385,0.0033333333333333435,0.06657657657657665,0.7666666666666663,0,0.45555555555555544,0.5656854249492377,0.10101525445522058,0.377123616632825
3046,1,0.7617311123645226,1,24.3713077029,22.268769425633334,24.3713077029,1,0.8970330594878421,1,28.236415021733333,27.185145882866664,28.236415021733333,1,0,0.9867020723715069,338.09309352348475,217.51850076325988,336.48970131512425,NA,NA,NA,NA,NA,NA,1,0,0.9867092863170509,338.0894700779837,217.5130470869123,336.48692336309523,1,0,0.6589784508180782,40789,7602.280000000002,29471.613333333335,1,0,0.11445636123737941,0.6399513885598922,0.07979640770931985,0.1439097085464703,1,0.7001794963769673,1,1.2082475423501986,1.1100164971539541,1.2082475423501986,1,0.03456790123456797,0.6448933782267116,0.17811373873873868,0.03280968468468464,0.12466779279279272,0.883170731707317,0.02487804878048812,0.09456568249893063,0.6071895186275785,0.07685943273766843,0.11991869388543812,1,0.3964915821471389,1,0.85791637269711285,0.563227032568226,0.85791637269711285,1,0.026151930261519383,0.9003735990037361,0.07378378378378385,0.0033333333333333435,0.06657657657657665,0.7666666666666663,0,0.45555555555555544,0.5656854249492377,0.10101525445522058,0.377123616632825
3079,1,0.7617311123645226,1,24.3713077029,22.268769425633334,24.3713077029,1,0.8970330594878421,1,28.236415021733333,27.185145882866664,28.236415021733333,1,0,0.9867020723715069,338.09309352348475,217.51850076325988,336.48970131512425,NA,NA,NA,NA,NA,NA,1,0,0.9867092863170509,338.0894700779837,217.5130470869123,336.48692336309523,1,0,0.6589784508180782,40789,7602.280000000002,29471.613333333335,1,0,0.11445636123737941,0.6399513885598922,0.07979640770931985,0.1439097085464703,1,0.7001794963769673,1,1.2082475423501986,1.1100164971539541,1.2082475423501986,1,0.03456790123456797,0.6448933782267116,0.17811373873873868,0.03280968468468464,0.12466779279279272,0.883170731707317,0.02487804878048812,0.09456568249893063,0.6071895186275785,0.07685943273766843,0.11991869388543812,1,0.3964915821471389,1,0.85791637269711285,0.563227032568226,0.85791637269711285,1,0.026151930261519383,0.9003735990037361,0.07378378378378385,0.0033333333333333435,0.06657657657657665,0.7666666666666663,0,0.45555555555555544,0.5656854249492377,0.10101525445522058,0.377123616632825
3144,1,0.7617311123645226,1,24.3713077029,22.268769425633334,24.3713077029,1,0.8970330594878421,1,28.236415021733333,27.185145882866664,28.236415021733333,1,0,0.9867020723715069,338.09309352348475,217.51850076325988,336.48970131512425,NA,NA,NA,NA,NA,NA,1,0,0.9867092863170509,338.0894700779837,217.5130470869123,336.48692336309523,1,0,0.6589784508180782,40789,7602.280000000002,29471.613333333335,1,0,0.11445636123737941,0.6399513885598922,0.07979640770931985,0.1439097085464703,1,0.7001794963769673,1,1.2082475423501986,1.1100164971539541,1.2082475423501986,1,0.03456790123456797,0.6448933782267116,0.17811373873873868,0.03280968468468464,0.12466779279279272,0.883170731707317,0.02487804878048812,0.09456568249893063,0.6071895186275785,0.07685943273766843,0.11991869388543812,1,0.3964915821471389,1,0.85791637269711285,0.563227032568226,0.85791637269711285,1,0.026151930261519383,0.9003735990037361,0.07378378378378385,0.0033333333333333435,0.06657657657657665,0.7666666666666663,0,0.45555555555555544,0.5656854249492377,0.10101525445522058,0.377123616632825
3203,1,0.7617311123645226,1,24.3713077029,22.268769425633334,24.3713077029,1,0.8970330594878421,1,28.236415021733333,27.185145882866664,28.236415021733333,1,0,0.9867020723715069,338.09309352348475,217.51850076325988,336.48970131512425,NA,NA,NA,NA,NA,NA,1,0,0.9867092863170509,338.0894700779837,217.5130470869123,336.48692336309523,1,0,0.6589784508180782,40789,7602.280000000002,29471.613333333335,1,0,0.11445636123737941,0.6399513885598922,0.07979640770931985,0.1439097085464703,1,0.7001794963769673,1,1.2082475423501986,1.1100164971539541,1.2082475423501986,1,0.03456790123456797,0.6448933782267116,0.17811373873873868,0.03280968468468464,0.12466779279279272,0.883170731707317,0.02487804878048812,0.09456568249893063,0.6071895186275785,0.07685943273766843,0.11991869388543812,1,0.3964915821471389,1,0.85791637269711285,0.563227032568226,0.85791637269711285,1,0.026151930261519383,0.9003735990037361,0.07378378378378385,0.0033333333333333435,0.06657657657657665,0.7666666666666663,0,0.45555555555555544,0.5656854249492377,0.10101525445522058,0.377123616632825
3216,1,0.7617311123645226,1,24.3713077029,22.268769425633334,24.3713077029,1,0.8970330594878421,1,28.236415021733333,27.185145882866664,28.236415021733333,1,0,0.9867020723715069,338.09309352348475,217.51850076325988,336.48970131512425,NA,NA,NA,NA,NA,NA,1,0,0.9867092863170509,338.0894700779837,217.5130470869123,336.48692336309523,1,0,0.6589784508180782,40789,7602.280000000002,29471.613333333335,1,0,0.11445636123737941,0.6399513885598922,0.07979640770931985,0.1439097085464703,1,0.7001794963769673,1,1.2082475423501986,1.1100164971539541,1.2082475423501986,1,0.03456790123456797,0.6448933782267116,0.17811373873873868,0.03280968468468464,0.12466779279279272,0.883170731707317,0.02487804878048812,0.09456568249893063,0.6071895186275785,0.07685943273766843,0.11991869388543812,1,0.3964915821471389,1,0.85791637269711285,0.563227032568226,0.85791637269711285,1,0.026151930261519383,0.9003735990037361,0.07378378378378385,0.0033333333333333435,0.06657657657657665,0.7666666666666663,0,0.45555555555555544,0.5656854249492377,0.10101525445522058,0.377123616632825
3228,1,0.7617311123645226,1,24.3713077029,22.268769425633334,24.3713077029,1,0.8970330594878421,1,28.236415021733333,27.185145882866664,28.236415021733333,1,0,0.9867020723715069,338.09309352348475,217.51850076325988,336.48970131512425,NA,NA,NA,NA,NA,NA,1,0,0.9867092863170509,338.0894700779837,217.5130470869123,336.48692336309523,1,0,0.6589784508180782,40789,7602.280000000002,29471.613333333335,1,0,0.11445636123737941,0.6399513885598922,0.07979640770931985,0.1439097085464703,1,0.7001794963769673,1,1.2082475423501986,1.1100164971539541,1.2082475423501986,1,0.03456790123456797,0.6448933782267116,0.17811373873873868,0.03280968468468464,0.12466779279279272,0.883170731707317,0.02487804878048812,0.09456568249893063,0.6071895186275785,0.07685943273766843,0.11991869388543812,1,0.3964915821471389,1,0.85791637269711285,0.563227032568226,0.85791637269711285,1,0.026151930261519383,0.9003735990037361,0.07378378378378385,0.0033333333333333435,0.06657657657657665,0.7666666666666663,0,0.45555555555555544,0.5656854249492377,0.10101525445522058,0.377123616632825
3255,1,1,0,24.3713077025,24.3713077025,15.547082693366667,1,1,0,28.236415020933332,28.236415020933332,18.026641538733333,1,1,0,338.09309352348475,338.09309352348475,336.48970131512425,NA,NA,NA,NA,NA,NA,1,1,0,338.0894700779837,338.0894700779837,336.48692336309523,0.9782092557015777,0.9782092557015777,0,32177.013333333332,32177.013333333332,10356.973333333333,0,0,0.7918154327105564,0.07979640770931985,0.07979640770931985,0.25700065741920713,1,1,0,1.2082475423501986,1.2082475423501986,0.8806146953326666,1,1,0.17806451612903257,0.143536036036036,0.143536036036036,0.057454954954954965,0.02487804878048812,0.02487804878048812,1,0.07685943273766843,0.07685943273766843,0.6793771034929571,1,1,0.9354893983910767,0.6846335844786842,0.6846335844786842,0.6643120429923275,1,1,0.826086956521739,0.057387387387387426,0.057387387387387426,0.047657657657657684,0,0,1,0.4975936608349777,0.4975936608349777,0.7071067811865476
3266,1,0.2251166050299869,0.3908099782077841,32.1015223406,17.3523929688,20.5062003841,1,0.2251166050299869,0.3908099782077841,32.1015223406,17.3523929688,20.5062003841,1,0,0.41659859590912185,271.22205868608353,150.64746592585863,200.8786719720825,NA,NA,NA,NA,NA,NA,1,0,0.4166068296224336,271.2202566964286,150.64383370535717,200.87679501488094,1,0,0.1419561290322581,64082,144.5,9220.820000000002,NA,NA,NA,NA,NA,NA,1,0.11259143902930982,0.4124119426523429,1.068606871284083,0.7778626779855247,0.8760937231817693,1,0.0048741580999645834,0.29528535980148884,0.2859459459459459,0.0014273648648648748,0.08445945945945946,NA,NA,NA,NA,NA,NA,1,0.06451060160892347,1,0.6643120429923275,0.3696227028634407,0.6643120429923275,1,0.010000000000000037,0.5877777777777774,0.12162162162162175,0.001216216216216222,0.07148648648648652,NA,NA,NA,NA,NA,NA
3350,1,0.2251166050299869,0.3908099782077841,32.1015223406,17.3523929688,20.5062003841,1,0.2251166050299869,0.3908099782077841,32.1015223406,17.3523929688,20.5062003841,1,0,0.41659859590912185,271.22205868608353,150.64746592585863,200.8786719720825,NA,NA,NA,NA,NA,NA,1,0,0.4166068296224336,271.2202566964286,150.64383370535717,200.87679501488094,1,0,0.1419561290322581,64082,144.5,9220.820000000002,NA,NA,NA,NA,NA,NA,1,0.11259143902930982,0.4124119426523429,1.068606871284083,0.7778626779855247,0.8760937231817693,1,0.0048741580999645834,0.29528535980148884,0.2859459459459459,0.0014273648648648748,0.08445945945945946,NA,NA,NA,NA,NA,NA,1,0.06451060160892347,1,0.6643120429923275,0.3696227028634407,0.6643120429923275,1,0.010000000000000037,0.5877777777777774,0.12162162162162175,0.001216216216216222,0.07148648648648652,NA,NA,NA,NA,NA,NA
3362,0.8310007039181982,0.8310007039181982,1,18.92929667645,18.92929667645,19.68569260515,1,1,2.26697542875413e-10,27.710780452116666,27.710780452116666,25.06408193965,0.030932856863006477,0.030932856863006477,1,353.1295301063017,353.1295301063017,403.36073615252553,0,0,0.5238719708510625,0.13047747747747962,0.13047747747747962,0.5812409909909878,0.03091600287073134,0.03091600287073134,1,353.12317543512665,353.12317543512665,403.35613674465037,0.8833196592339508,0.8833196592339508,0.4660620092309537,27478.27666666667,27478.27666666667,20053.093333333334,0.8481302789959704,0.8481302789959704,0,0.26020828741527613,0.26020828741527613,0.1279632245941192,1,1,0.726992777403094,1.24965716822007,1.24965716822007,1.212768514501096,0.9966238150889494,0.9966238150889494,0.5794052720425918,0.11986908783783778,0.11986908783783778,0.08368665540540536,0.020180991482988807,0.020180991482988807,0.2790069247732968,0.24452495642841865,0.24452495642841865,0.2929235037746945,1,1,0.9354893983910767,0.8782379141834695,0.8782379141834695,0.85791637269711285,1,1,0.9159101767797418,0.05027027027027032,0.05027027027027032,0.04630630630630635,0.4961822430053023,0.4961822430053023,0.6061533913747864,0.37564758898615463,0.37564758898615463,0.39299420408505303
3412,1,0.2251166050299869,0.3908099782077841,32.1015223406,17.3523929688,20.5062003841,1,0.2251166050299869,0.3908099782077841,32.1015223406,17.3523929688,20.5062003841,1,0,0.41659859590912185,271.22205868608353,150.64746592585863,200.8786719720825,NA,NA,NA,NA,NA,NA,1,0,0.4166068296224336,271.2202566964286,150.64383370535717,200.87679501488094,1,0,0.1419561290322581,64082,144.5,9220.820000000002,NA,NA,NA,NA,NA,NA,1,0.11259143902930982,0.4124119426523429,1.068606871284083,0.7778626779855247,0.8760937231817693,1,0.0048741580999645834,0.29528535980148884,0.2859459459459459,0.0014273648648648748,0.08445945945945946,NA,NA,NA,NA,NA,NA,1,0.06451060160892347,1,0.6643120429923275,0.3696227028634407,0.6643120429923275,1,0.010000000000000037,0.5877777777777774,0.12162162162162175,0.001216216216216222,0.07148648648648652,NA,NA,NA,NA,NA,NA
3528,1,0.7617311123645226,1,24.3713077029,22.268769425633334,24.3713077029,1,0.8970330594878421,1,28.236415021733333,27.185145882866664,28.236415021733333,1,0,0.9867020723715069,338.09309352348475,217.51850076325988,336.48970131512425,NA,NA,NA,NA,NA,NA,1,0,0.9867092863170509,338.0894700779837,217.5130470869123,336.48692336309523,1,0,0.6589784508180782,40789,7602.280000000002,29471.613333333335,1,0,0.11445636123737941,0.6399513885598922,0.07979640770931985,0.1439097085464703,1,0.7001794963769673,1,1.2082475423501986,1.1100164971539541,1.2082475423501986,1,0.03456790123456797,0.6448933782267116,0.17811373873873868,0.03280968468468464,0.12466779279279272,0.883170731707317,0.02487804878048812,0.09456568249893063,0.6071895186275785,0.07685943273766843,0.11991869388543812,1,0.3964915821471389,1,0.85791637269711285,0.563227032568226,0.85791637269711285,1,0.026151930261519383,0.9003735990037361,0.07378378378378385,0.0033333333333333435,0.06657657657657665,0.7666666666666663,0,0.45555555555555544,0.5656854249492377,0.10101525445522058,0.377123616632825
13030,1,0,0.9999999999813339,60.1729076027,6.599433506,60.1729076017,1,0,0.9999999999813339,60.1729076027,6.599433506,60.1729076017,0.4857657980491524,0,1,202.48206418044302,137.54756903747216,271.22205868608353,NA,NA,NA,NA,NA,NA,0.4858135722657721,0,1,202.47934172976946,137.53155691964287,271.2202566964286,0.8524630490440734,0,0.24017524750450006,40016.204999999994,8,11280.019999999999,NA,NA,NA,NA,NA,NA,1,0.020698346603760732,0,1.068606871284083,0.7477554824928968,0.740974024266551,1,2.64084507042252e-4,0,0.6716554054054056,2.1114864864864866e-4,3.378378378378479e-5,NA,NA,NA,NA,NA,NA,1,0,0.5498480682936232,0.698602322754168,0.35272614027927884,0.5429054910818694,1,0,0.20659802264228266,0.4946283783783785,8.445945945946197e-6,0.10219594594594596,NA,NA,NA,NA,NA,NA
13076,1,0,0.8782377362882392,45.171846346900004,15.127599844333334,41.513590881233334,1,0,0.9369627367435959,52.67237697513333,23.655766182666667,50.843249241799995,1,0,0.8142243713317208,338.09309352348475,175.27180842263112,307.84486692329654,NA,NA,NA,NA,NA,NA,1,0,0.8142349998599856,338.0894700779837,175.25548680409668,307.840615152311,0.9591658507754051,0,0.14469018967013322,39104.24333333334,740.3333333333334,6527.529999999999,1,0.082996514872907,0.7017631303473166,0.6864311443097479,0.06966890017215507,0.48584167655427235,1,0.08521693427229447,0,1.8050599233997366,0.9593930835711943,0.8806146953326666,1,0.005538248528902741,0.008451223404494435,1.2602759009009015,0.014662162162162186,0.018310810810810832,0.988579984685904,0,0.9433466147130338,0.6896473544905833,0.005439282932204108,0.6583407962771298,1,0.04931694353935441,0.31217063904278,1.0136132043694115,0.4858985825181778,0.6318060304127555,1,0,0.2480812374542449,0.43587837837837845,0.006706081081081081,0.1131756756756757,1,0.007001568835569821,0.37332583830286437,0.6995843686207331,0.011223917161691016,0.2651650429449553
13097,1,0,0.9999999999085366,60.172907606600006,6.599433506,60.1729076017,1,0,0.9999999999085366,60.172907606600006,6.599433506,60.1729076017,1,0,1,271.22205868608353,138.6490001854181,271.22205868608353,NA,NA,NA,NA,NA,NA,1,0,1,271.2202566964286,138.63512834821432,271.2202566964286,1,0,0.11186238488333254,100620.98,27.38000000000004,11280.019999999999,NA,NA,NA,NA,NA,NA,1,0.007861336745841916,0,1.4729061042313072,0.7467279888222385,0.740974024266551,1,4.4379354724181414e-5,0,2.2837837837837847,1.3513513513513413e-4,3.378378378378479e-5,NA,NA,NA,NA,NA,NA,1,0,0.5542619123896416,0.698602322754168,0.34930116137708395,0.5429054910818694,1,0,0.13092970914127422,0.7805405405405408,0,0.10219594594594596,NA,NA,NA,NA,NA,NA
13129,1,0,0.64760557597076,58.32232612450001,15.127599844333334,43.100745435899995,1,0,0.7861648045827287,59.247616865066675,23.655766182666667,51.63682651913333,1,0,1,338.09309352348475,145.757105950392,338.09309352348475,NA,NA,NA,NA,NA,NA,1,0,1,338.0894700779837,145.74137834821428,338.0894700779837,1,0,0.21917511955079336,60000.57333333333,76.25333333333339,13210.17333333333,1,0.0035849622840377873,0.3441502229903091,0.6759787109277918,0.003906667299373247,0.2336145521546344,1,0.03501307382396115,0.29786319346976453,1.8050599233997366,0.7991236422564837,1.0731278434349805,1,6.703088239804115e-4,0.025344683311938915,1.2860360360360366,0.0016891891891891893,0.03340090090090087,0.9897057631514958,0,0.9617140850017556,0.6903705260105345,0,0.6708448949718521,1,0,0.474448346758121,1.0136132043694115,0.3713637338053896,0.6760779333207683,1,0,0.12038158691701997,0.4465765765765767,3.6036036036035776e-4,0.05407657657657658,1,0,0.4181818181818175,0.7071067811865476,1.0551910960100408e-16,0.2956991994052831
13130,1,0,0.64760557597076,58.32232612450001,15.127599844333334,43.100745435899995,1,0,0.7861648045827287,59.247616865066675,23.655766182666667,51.63682651913333,1,0,1,338.09309352348475,145.96055491530325,338.09309352348475,NA,NA,NA,NA,NA,NA,1,0,1,338.0894700779837,145.93691406250002,338.0894700779837,1,0,0.21917511955079336,60000.57333333333,76.25333333333339,13210.17333333333,1,0.0035892757383809808,0.3445643071999752,0.675168134557323,0.003906667299373247,0.2336145521546344,1,0,0.2723872339777717,1.8050599233997366,0.7991236422564837,1.0731278434349805,1,0,0.02469092503288028,1.2860360360360366,0.0016891891891891893,0.03340090090090087,0.9897057631514958,0,0.9617140850017556,0.6903705260105345,0,0.6708448949718521,1,0,0.474448346758121,1.0136132043694115,0.3713637338053896,0.6760779333207683,1,0,0.12021506190602398,0.4465765765765767,4.4481981981982016e-4,0.05407657657657658,1,0,0.42515151515151456,0.6955148667408663,1.0551910960100408e-16,0.2956991994052831
13183,1,0,1,60.172907600600006,30.713468497999997,60.172907600600006,1,0,1,60.172907600600006,30.713468497999997,60.172907600600006,1,0,0.8308161932830154,271.22205868608353,137.54756903747216,248.6064996663813,NA,NA,NA,NA,NA,NA,1,0,0.830837397730894,271.2202566964286,137.53155691964287,248.60512834821427,1,0,0.35995870767940386,124002,8,44640.72,NA,NA,NA,NA,NA,NA,1,0,0.8699502073575451,1.068606871284083,0.7477554824928968,1.0268802147027456,1,0,0.3483573063092514,0.6202787162162162,2.1114864864864866e-4,0.2162162162162162,NA,NA,NA,NA,NA,NA,0.9999999999999997,0,1,0.6643120429923273,0.35272614027927884,0.6643120429923274,1,0,0.3936801634026193,0.3514864864864867,8.445945945946197e-6,0.1383783783783785,NA,NA,NA,NA,NA,NA
